id,nombre,correo,password
1,miguel,hola@correo,123
1,miguel,hola@correo,123
1,miguel,hola@correo,123
1,miguel,hola@correo,123
1,miguel,hola@correo,123
1,miguel,hola@correo,123
1,miguel,hola@correo,123
1,miguel,hola@correo,123
1,miguel,hola@correo,123
1,miguel,hola@correo,123
1,miguel,hola@correo,123
1,miguel,hola@correo,123
1,miguel,hola@correo,123
1,miguel,hola@correo,123
1,miguel,hola@correo,123
1,miguel,hola@correo,123
1,miguel,hola@correo,123
1,miguel,hola@correo,123
1,miguel,hola@correo,123
1,miguel,hola@correo,123
1,miguel,hola@correo,123
1,miguel,hola@correo,123
1,miguel,hola@correo,123
1,miguel,hola@correo,123
1,miguel,hola@correo,123
1,miguel,hola@correo,123
1,miguel,hola@correo,123
1,miguel,hola@correo,123
1,miguel,hola@correo,123
1,miguel,hola@correo,123
1,miguel,hola@correo,123
1,miguel,hola@correo,123
1,miguel,hola@correo,123
1,miguel,hola@correo,123
1,miguel,hola@correo,123
1,miguel,hola@correo,123
1,miguel,hola@correo,123
1,miguel,hola@correo,123
1,miguel,hola@correo,123
1,miguel,hola@correo,123
1,miguel,hola@correo,123
1,miguel,hola@correo,123
1,miguel,hola@correo,123
1,miguel,hola@correo,123
1,miguel,hola@correo,123
1,miguel,hola@correo,123
1,miguel,hola@correo,123
1,miguel,hola@correo,123
1,miguel,hola@correo,123
1,miguel,hola@correo,123
1,miguel,hola@correo,123
1,miguel,hola@correo,123
1,miguel,hola@correo,123
1,miguel,hola@correo,123
1,miguel,hola@correo,123
1,miguel,hola@correo,123
1,miguel,hola@correo,123
1,miguel,hola@correo,123
1,miguel,hola@correo,123
1,miguel,hola@correo,123
1,miguel,hola@correo,123
1,miguel,hola@correo,123
1,miguel,hola@correo,123
1,miguel,hola@correo,123
1,miguel,hola@correo,123
1,miguel,hola@correo,123
1,miguel,hola@correo,123
1,miguel,hola@correo,123
1,miguel,hola@correo,123
1,miguel,hola@correo,123
1,miguel,hola@correo,123
1,miguel,hola@correo,123
1,miguel,hola@correo,123
1,miguel,hola@correo,123
1,miguel,hola@correo,123
1,miguel,hola@correo,123
1,miguel,hola@correo,123
1,miguel,hola@correo,123
1,miguel,hola@correo,123
1,miguel,hola@correo,123
1,miguel,hola@correo,123
1,miguel,hola@correo,123
1,miguel,hola@correo,123
1,miguel,hola@correo,123
1,miguel,hola@correo,123
1,miguel,hola@correo,123
1,miguel,hola@correo,123
1,miguel,hola@correo,123
1,miguel,hola@correo,123
1,miguel,hola@correo,123
1,miguel,hola@correo,123
1,miguel,hola@correo,123
1,miguel,hola@correo,123
1,miguel,hola@correo,123
1,miguel,hola@correo,123
1,miguel,hola@correo,123
1,miguel,hola@correo,123
1,miguel,hola@correo,123
1,miguel,hola@correo,123
1,miguel,hola@correo,123
1,miguel,hola@correo,123
1,miguel,hola@correo,123
1,miguel,hola@correo,123
1,miguel,hola@correo,123
1,miguel,hola@correo,123
1,miguel,hola@correo,123
1,miguel,hola@correo,123
1,miguel,hola@correo,123
1,miguel,hola@correo,123
1,miguel,hola@correo,123
1,miguel,hola@correo,123
1,miguel,hola@correo,123
1,miguel,hola@correo,123
1,miguel,hola@correo,123
1,miguel,hola@correo,123
1,miguel,hola@correo,123
1,miguel,hola@correo,123
1,miguel,hola@correo,123
1,miguel,hola@correo,123
1,miguel,hola@correo,123
1,miguel,hola@correo,123
1,miguel,hola@correo,123
1,miguel,hola@correo,123
1,miguel,hola@correo,123
1,miguel,hola@correo,123
1,miguel,hola@correo,123
1,miguel,hola@correo,123
1,miguel,hola@correo,123
1,miguel,hola@correo,123
1,miguel,hola@correo,123
1,miguel,hola@correo,123
1,miguel,hola@correo,123
1,miguel,hola@correo,123
1,miguel,hola@correo,123
1,miguel,hola@correo,123
1,miguel,hola@correo,123
1,miguel,hola@correo,123
1,miguel,hola@correo,123
1,miguel,hola@correo,123
1,miguel,hola@correo,123
1,miguel,hola@correo,123
1,miguel,hola@correo,123
1,miguel,hola@correo,123
1,miguel,hola@correo,123
1,miguel,hola@correo,123
1,miguel,hola@correo,123
1,miguel,hola@correo,123
1,miguel,hola@correo,123
1,miguel,hola@correo,123
1,miguel,hola@correo,123
1,miguel,hola@correo,123
1,miguel,hola@correo,123
1,miguel,hola@correo,123
1,miguel,hola@correo,123
1,miguel,hola@correo,123
1,miguel,hola@correo,123
1,miguel,hola@correo,123
1,miguel,hola@correo,123
1,miguel,hola@correo,123
1,miguel,hola@correo,123
1,miguel,hola@correo,123
1,miguel,hola@correo,123
1,miguel,hola@correo,123
1,miguel,hola@correo,123
1,miguel,hola@correo,123
1,miguel,hola@correo,123
1,miguel,hola@correo,123
1,miguel,hola@correo,123
1,miguel,hola@correo,123
1,miguel,hola@correo,123
1,miguel,hola@correo,123
1,miguel,hola@correo,123
1,miguel,hola@correo,123
1,miguel,hola@correo,123
1,miguel,hola@correo,123
1,miguel,hola@correo,123
1,miguel,hola@correo,123
1,miguel,hola@correo,123
1,miguel,hola@correo,123
1,miguel,hola@correo,123
1,miguel,hola@correo,123
1,miguel,hola@correo,123
1,miguel,hola@correo,123
1,miguel,hola@correo,123
1,miguel,hola@correo,123
1,miguel,hola@correo,123
1,miguel,hola@correo,123
1,miguel,hola@correo,123
1,miguel,hola@correo,123
1,miguel,hola@correo,123
1,miguel,hola@correo,123
1,miguel,hola@correo,123
1,miguel,hola@correo,123
1,miguel,hola@correo,123
1,miguel,hola@correo,123
1,miguel,hola@correo,123
1,miguel,hola@correo,123
1,miguel,hola@correo,123
1,miguel,hola@correo,123
1,miguel,hola@correo,123
1,miguel,hola@correo,123
1,miguel,hola@correo,123
1,miguel,hola@correo,123
1,miguel,hola@correo,123
1,miguel,hola@correo,123
1,miguel,hola@correo,123
1,miguel,hola@correo,123
1,miguel,hola@correo,123
1,miguel,hola@correo,123
1,miguel,hola@correo,123
1,miguel,hola@correo,123
1,miguel,hola@correo,123
1,miguel,hola@correo,123
1,miguel,hola@correo,123
1,miguel,hola@correo,123
1,miguel,hola@correo,123
1,miguel,hola@correo,123
1,miguel,hola@correo,123
1,miguel,hola@correo,123
1,miguel,hola@correo,123
1,miguel,hola@correo,123
1,miguel,hola@correo,123
1,miguel,hola@correo,123
1,miguel,hola@correo,123
1,miguel,hola@correo,123
1,miguel,hola@correo,123
1,miguel,hola@correo,123
1,miguel,hola@correo,123
1,miguel,hola@correo,123
1,miguel,hola@correo,123
1,miguel,hola@correo,123
1,miguel,hola@correo,123
1,miguel,hola@correo,123
1,miguel,hola@correo,123
1,miguel,hola@correo,123
1,miguel,hola@correo,123
1,miguel,hola@correo,123
1,miguel,hola@correo,123
1,miguel,hola@correo,123
1,miguel,hola@correo,123
1,miguel,hola@correo,123
1,miguel,hola@correo,123
1,miguel,hola@correo,123
1,miguel,hola@correo,123
1,miguel,hola@correo,123
1,miguel,hola@correo,123
1,miguel,hola@correo,123
1,miguel,hola@correo,123
1,miguel,hola@correo,123
1,miguel,hola@correo,123
1,miguel,hola@correo,123
1,miguel,hola@correo,123
1,miguel,hola@correo,123
1,miguel,hola@correo,123
1,miguel,hola@correo,123
1,miguel,hola@correo,123
1,miguel,hola@correo,123
1,miguel,hola@correo,123
1,miguel,hola@correo,123
1,miguel,hola@correo,123
1,miguel,hola@correo,123
1,miguel,hola@correo,123
1,miguel,hola@correo,123
1,miguel,hola@correo,123
1,miguel,hola@correo,123
1,miguel,hola@correo,123
1,miguel,hola@correo,123
1,miguel,hola@correo,123
1,miguel,hola@correo,123
1,miguel,hola@correo,123
1,miguel,hola@correo,123
1,miguel,hola@correo,123
1,miguel,hola@correo,123
1,miguel,hola@correo,123
1,miguel,hola@correo,123
1,miguel,hola@correo,123
1,miguel,hola@correo,123
1,miguel,hola@correo,123
1,miguel,hola@correo,123
1,miguel,hola@correo,123
1,miguel,hola@correo,123
1,miguel,hola@correo,123
1,miguel,hola@correo,123
1,miguel,hola@correo,123
1,miguel,hola@correo,123
1,miguel,hola@correo,123
1,miguel,hola@correo,123
1,miguel,hola@correo,123
1,miguel,hola@correo,123
1,miguel,hola@correo,123
1,miguel,hola@correo,123
1,miguel,hola@correo,123
1,miguel,hola@correo,123
1,miguel,hola@correo,123
1,miguel,hola@correo,123
1,miguel,hola@correo,123
1,miguel,hola@correo,123
1,miguel,hola@correo,123
1,miguel,hola@correo,123
1,miguel,hola@correo,123
1,miguel,hola@correo,123
1,miguel,hola@correo,123
1,miguel,hola@correo,123
1,miguel,hola@correo,123
1,miguel,hola@correo,123
1,miguel,hola@correo,123
1,miguel,hola@correo,123
1,miguel,hola@correo,123
1,miguel,hola@correo,123
1,miguel,hola@correo,123
1,miguel,hola@correo,123
1,miguel,hola@correo,123
1,miguel,hola@correo,123
1,miguel,hola@correo,123
1,miguel,hola@correo,123
1,miguel,hola@correo,123
1,miguel,hola@correo,123
1,miguel,hola@correo,123
1,miguel,hola@correo,123
1,miguel,hola@correo,123
1,miguel,hola@correo,123
1,miguel,hola@correo,123
1,miguel,hola@correo,123
1,miguel,hola@correo,123
1,miguel,hola@correo,123
1,miguel,hola@correo,123
1,miguel,hola@correo,123
1,miguel,hola@correo,123
1,miguel,hola@correo,123
1,miguel,hola@correo,123
1,miguel,hola@correo,123
1,miguel,hola@correo,123
1,miguel,hola@correo,123
1,miguel,hola@correo,123
1,miguel,hola@correo,123
1,miguel,hola@correo,123
1,miguel,hola@correo,123
1,miguel,hola@correo,123
1,miguel,hola@correo,123
1,miguel,hola@correo,123
1,miguel,hola@correo,123
1,miguel,hola@correo,123
1,miguel,hola@correo,123
1,miguel,hola@correo,123
1,miguel,hola@correo,123
1,miguel,hola@correo,123
1,miguel,hola@correo,123
1,miguel,hola@correo,123
1,miguel,hola@correo,123
1,miguel,hola@correo,123
1,miguel,hola@correo,123
1,miguel,hola@correo,123
1,miguel,hola@correo,123
1,miguel,hola@correo,123
1,miguel,hola@correo,123
1,miguel,hola@correo,123
1,miguel,hola@correo,123
1,miguel,hola@correo,123
1,miguel,hola@correo,123
1,miguel,hola@correo,123
1,miguel,hola@correo,123
1,miguel,hola@correo,123
1,miguel,hola@correo,123
1,miguel,hola@correo,123
1,miguel,hola@correo,123
1,miguel,hola@correo,123
1,miguel,hola@correo,123
1,miguel,hola@correo,123
1,miguel,hola@correo,123
1,miguel,hola@correo,123
1,miguel,hola@correo,123
1,miguel,hola@correo,123
1,miguel,hola@correo,123
1,miguel,hola@correo,123
1,miguel,hola@correo,123
1,miguel,hola@correo,123
1,miguel,hola@correo,123
1,miguel,hola@correo,123
1,miguel,hola@correo,123
1,miguel,hola@correo,123
1,miguel,hola@correo,123
1,miguel,hola@correo,123
1,miguel,hola@correo,123
1,miguel,hola@correo,123
1,miguel,hola@correo,123
1,miguel,hola@correo,123
1,miguel,hola@correo,123
1,miguel,hola@correo,123
1,miguel,hola@correo,123
1,miguel,hola@correo,123
1,miguel,hola@correo,123
1,miguel,hola@correo,123
1,miguel,hola@correo,123
1,miguel,hola@correo,123
1,miguel,hola@correo,123
1,miguel,hola@correo,123
1,miguel,hola@correo,123
1,miguel,hola@correo,123
1,miguel,hola@correo,123
1,miguel,hola@correo,123
1,miguel,hola@correo,123
1,miguel,hola@correo,123
1,miguel,hola@correo,123
1,miguel,hola@correo,123
1,miguel,hola@correo,123
1,miguel,hola@correo,123
1,miguel,hola@correo,123
1,miguel,hola@correo,123
1,miguel,hola@correo,123
1,miguel,hola@correo,123
1,miguel,hola@correo,123
1,miguel,hola@correo,123
1,miguel,hola@correo,123
1,miguel,hola@correo,123
1,miguel,hola@correo,123
1,miguel,hola@correo,123
1,miguel,hola@correo,123
1,miguel,hola@correo,123
1,miguel,hola@correo,123
1,miguel,hola@correo,123
1,miguel,hola@correo,123
1,miguel,hola@correo,123
1,miguel,hola@correo,123
1,miguel,hola@correo,123
1,miguel,hola@correo,123
1,miguel,hola@correo,123
1,miguel,hola@correo,123
1,miguel,hola@correo,123
1,miguel,hola@correo,123
1,miguel,hola@correo,123
1,miguel,hola@correo,123
1,miguel,hola@correo,123
1,miguel,hola@correo,123
1,miguel,hola@correo,123
1,miguel,hola@correo,123
1,miguel,hola@correo,123
1,miguel,hola@correo,123
1,miguel,hola@correo,123
1,miguel,hola@correo,123
1,miguel,hola@correo,123
1,miguel,hola@correo,123
1,miguel,hola@correo,123
1,miguel,hola@correo,123
1,miguel,hola@correo,123
1,miguel,hola@correo,123
1,miguel,hola@correo,123
1,miguel,hola@correo,123
1,miguel,hola@correo,123
1,miguel,hola@correo,123
1,miguel,hola@correo,123
1,miguel,hola@correo,123
1,miguel,hola@correo,123
1,miguel,hola@correo,123
1,miguel,hola@correo,123
1,miguel,hola@correo,123
1,miguel,hola@correo,123
1,miguel,hola@correo,123
1,miguel,hola@correo,123
1,miguel,hola@correo,123
1,miguel,hola@correo,123
1,miguel,hola@correo,123
1,miguel,hola@correo,123
1,miguel,hola@correo,123
1,miguel,hola@correo,123
1,miguel,hola@correo,123
1,miguel,hola@correo,123
1,miguel,hola@correo,123
1,miguel,hola@correo,123
1,miguel,hola@correo,123
1,miguel,hola@correo,123
1,miguel,hola@correo,123
1,miguel,hola@correo,123
1,miguel,hola@correo,123
1,miguel,hola@correo,123
1,miguel,hola@correo,123
1,miguel,hola@correo,123
1,miguel,hola@correo,123
1,miguel,hola@correo,123
1,miguel,hola@correo,123
1,miguel,hola@correo,123
1,miguel,hola@correo,123
1,miguel,hola@correo,123
1,miguel,hola@correo,123
1,miguel,hola@correo,123
1,miguel,hola@correo,123
1,miguel,hola@correo,123
1,miguel,hola@correo,123
1,miguel,hola@correo,123
1,miguel,hola@correo,123
1,miguel,hola@correo,123
1,miguel,hola@correo,123
1,miguel,hola@correo,123
1,miguel,hola@correo,123
1,miguel,hola@correo,123
1,miguel,hola@correo,123
1,miguel,hola@correo,123
1,miguel,hola@correo,123
1,miguel,hola@correo,123
1,miguel,hola@correo,123
1,miguel,hola@correo,123
1,miguel,hola@correo,123
1,miguel,hola@correo,123
1,miguel,hola@correo,123
1,miguel,hola@correo,123
1,miguel,hola@correo,123
1,miguel,hola@correo,123
1,miguel,hola@correo,123
1,miguel,hola@correo,123
1,miguel,hola@correo,123
1,miguel,hola@correo,123
1,miguel,hola@correo,123
1,miguel,hola@correo,123
